http://blog.ekynoxe.com/2009/08/30/badops, http://local.ekynoxe.com/badops/
http://blog.ekynoxe.com/2009/09/07/setting-up-zend, http://local.ekynoxe.com/setting-up-zend/
http://blog.ekynoxe.com/2009/09/09/fix-that-web-site, http://local.ekynoxe.com/fix-that-web-site/
http://blog.ekynoxe.com/2009/09/17/zend-and-xdebug, http://local.ekynoxe.com/zend-and-xdebug/
http://blog.ekynoxe.com/2009/09/27/403, http://local.ekynoxe.com/403/
http://blog.ekynoxe.com/2009/09/27/on-the-developers-mobile-mountain, http://local.ekynoxe.com/on-the-developers-mobile-mountain/
http://blog.ekynoxe.com/2009/10/05/over-the-air-2009, http://local.ekynoxe.com/over-the-air-2009/
http://blog.ekynoxe.com/2009/11/04/api-token-access-with-authlogic-and-login, http://local.ekynoxe.com/api-token-access-with-authlogic-and-login/
http://blog.ekynoxe.com/2009/11/19/orange-snapshot-mms-to-share-photos-on-twitter, http://local.ekynoxe.com/orange-snapshot-mms-to-share-photos-on-twitter/
http://blog.ekynoxe.com/2010/03/31/orange-social-life-is-a-winner, http://local.ekynoxe.com/orange-social-life-is-a-winner/
http://blog.ekynoxe.com/2010/03/31/snapshot-wins-an-award, http://local.ekynoxe.com/snapshot-wins-an-award/
http://blog.ekynoxe.com/2010/05/03/git-on-gentoo, http://local.ekynoxe.com/git-on-gentoo/
http://blog.ekynoxe.com/2010/08/09/mastermind, http://local.ekynoxe.com/mastermind/
http://blog.ekynoxe.com/2010/09/01/what-really-motivates-us, http://local.ekynoxe.com/what-really-motivates-us/
http://blog.ekynoxe.com/2010/09/06/extending-contact-form-7, http://local.ekynoxe.com/extending-contact-form-7/
http://blog.ekynoxe.com/2010/09/12/create-a-deep-space-background-in-photoshop, http://local.ekynoxe.com/create-a-deep-space-background-in-photoshop/
http://blog.ekynoxe.com/2010/10/24/this-is-it, http://local.ekynoxe.com/this-is-it/
http://blog.ekynoxe.com/2010/10/26/no-my-mum-doesnt-have-an-ipad, http://local.ekynoxe.com/no-my-mum-doesnt-have-an-ipad/
http://blog.ekynoxe.com/2010/11/03/thisthat, http://local.ekynoxe.com/thisthat/
http://blog.ekynoxe.com/2010/11/17/git-sync-via-usb, http://local.ekynoxe.com/git-sync-via-usb/
http://blog.ekynoxe.com/2011/02/06/social-links-hooks-for-wordpress, http://local.ekynoxe.com/social-links-hooks-for-wordpress/
http://blog.ekynoxe.com/2011/02/22/the-art-of-keeping-calm, http://local.ekynoxe.com/the-art-of-keeping-calm/
http://blog.ekynoxe.com/2011/02/23/a-little-bit-guilty, http://local.ekynoxe.com/a-little-bit-guilty/
http://blog.ekynoxe.com/2011/03/09/percent-w-and-other-ruby-percent-syntax, http://local.ekynoxe.com/percent-w-and-other-ruby-percent-syntax/
http://blog.ekynoxe.com/2011/03/21/frustration, http://local.ekynoxe.com/frustration/
http://blog.ekynoxe.com/2011/03/26/the-one-who-stopped-replying, http://local.ekynoxe.com/the-one-who-stopped-replying/
http://blog.ekynoxe.com/2011/03/29/sweet-success, http://local.ekynoxe.com/sweet-success/
http://blog.ekynoxe.com/2011/03/30/100-days, http://local.ekynoxe.com/100-days/
http://blog.ekynoxe.com/2011/04/27/rewriter, http://local.ekynoxe.com/rewriter/
http://blog.ekynoxe.com/2011/05/03/kodes, http://local.ekynoxe.com/kodes/
http://blog.ekynoxe.com/2011/05/06/orange, http://local.ekynoxe.com/orange/
http://blog.ekynoxe.com/2011/05/28/working-on-a-saturday, http://local.ekynoxe.com/working-on-a-saturday/
http://blog.ekynoxe.com/2011/07/29/im-a-front-end-dev, http://local.ekynoxe.com/im-a-front-end-dev/
http://blog.ekynoxe.com/2011/08/17/recruiters-scammers, http://local.ekynoxe.com/recruiters-scammers/
http://blog.ekynoxe.com/2011/08/18/wordpress-wp_enque_scripts-in-functions-php, http://local.ekynoxe.com/wordpress-wp_enque_scripts-in-functions-php/
http://blog.ekynoxe.com/2011/09/14/how-to-be-a-successfull-business-make-every-customer-feel-special, http://local.ekynoxe.com/how-to-be-a-successfull-business-make-every-customer-feel-special/
http://blog.ekynoxe.com/2011/10/22/automated-deployment-on-remote-server-with-git, http://local.ekynoxe.com/automated-deployment-on-remote-server-with-git/
http://blog.ekynoxe.com/2011/10/22/git-post-receive-for-multiple-remote-branches-and-work-trees, http://local.ekynoxe.com/git-post-receive-for-multiple-remote-branches-and-work-trees/
http://blog.ekynoxe.com/2011/12/05/why-linked-in-does-it-wrong, http://local.ekynoxe.com/why-linked-in-does-it-wrong/
http://blog.ekynoxe.com/2011/12/07/cant-find-wpml-2-0-4-1-anywhere-here-it-is, http://local.ekynoxe.com/cant-find-wpml-2-0-4-1-anywhere-here-it-is/
http://blog.ekynoxe.com/2012/01/06/latest-website-propryo-com, http://local.ekynoxe.com/latest-website-propryo-com/
http://blog.ekynoxe.com/2012/01/16/latest-website-d3-triathlon, http://local.ekynoxe.com/latest-website-d3-triathlon/
http://blog.ekynoxe.com/2012/01/22/how-do-you-attribute-credit-if-you-dont-know-where-content-comes-from, http://local.ekynoxe.com/how-do-you-attribute-credit-if-you-dont-know-where-content-comes-from/
http://blog.ekynoxe.com/2012/03/19/dont-worry-be-happy, http://local.ekynoxe.com/dont-worry-be-happy/
http://blog.ekynoxe.com/2012/03/20/responsive-design-is-the-real-deal-it-is-not-a-fad-brad-frost, http://local.ekynoxe.com/responsive-design-is-the-real-deal-it-is-not-a-fad-brad-frost/
http://blog.ekynoxe.com/2012/07/04/cycling-with-a-helmet-cam, http://local.ekynoxe.com/cycling-with-a-helmet-cam/
http://blog.ekynoxe.com/2012/08/22/please-brittany-ferries-be-on-time, http://local.ekynoxe.com/please-brittany-ferries-be-on-time/
http://blog.ekynoxe.com/2012/08/26/evaluating-function-return-values-with-jasmine, http://local.ekynoxe.com/evaluating-function-return-values-with-jasmine/
http://blog.ekynoxe.com/2012/08/27/moving-on, http://local.ekynoxe.com/moving-on/
http://blog.ekynoxe.com/2012/08/28/clients-your-choice, http://local.ekynoxe.com/clients-your-choice/
http://blog.ekynoxe.com/2012/08/30/brittany-ferries-the-reply-and-the-reply-to-the-reply, http://local.ekynoxe.com/brittany-ferries-the-reply-and-the-reply-to-the-reply/
http://blog.ekynoxe.com/2012/09/07/gorilla-signage, http://local.ekynoxe.com/gorilla-signage/
http://blog.ekynoxe.com/2012/09/13/the-web-has-evolved-get-used-to-it, http://local.ekynoxe.com/the-web-has-evolved-get-used-to-it/
http://blog.ekynoxe.com/2012/09/15/the-day-one-image-brought-my-server-down, http://local.ekynoxe.com/the-day-one-image-brought-my-server-down/
http://blog.ekynoxe.com/2012/09/25/should-you-know-tcpip-to-work-for-a-web-company, http://local.ekynoxe.com/should-you-know-tcpip-to-work-for-a-web-company/
http://blog.ekynoxe.com/2012/10/30/ideas-for-twickenham-city-center, http://local.ekynoxe.com/ideas-for-twickenham-city-center/
http://blog.ekynoxe.com/2013/03/03/instants-tisses-my-sisters-business-has-now-launched, http://local.ekynoxe.com/instants-tisses-my-sisters-business-has-now-launched/
http://blog.ekynoxe.com/2013/05/09/the-realm-game-a-fantastic-looking-project-to-back-on-kickstarter, http://local.ekynoxe.com/the-realm-game-a-fantastic-looking-project-to-back-on-kickstarter/
http://blog.ekynoxe.com/2013/06/09/solex-3800-something-to-restore-and-cherish, http://local.ekynoxe.com/solex-3800-something-to-restore-and-cherish/
http://blog.ekynoxe.com/2013/10/16/browsers, http://local.ekynoxe.com/browsers/
http://blog.ekynoxe.com/2014/01/06/ellen-now-ready-for-home-visits, http://local.ekynoxe.com/ellen-now-ready-for-home-visits/
